reading_id,station_id,captured_at,station_type,pm25_ug_m3,humidity_pct,temp_c
R0165,ST-06,2026-06-05, park ,-1.0,60.7,19.3
R0113,ST-04,2026-06-17,ROADSIDE,26.1,66.0,26.9
R0187,ST-06,2026-06-27, park ,9.56,51.7,27.3
R0133,ST-05,2026-06-05,PARK,12.73,58.2,25.3
R0103,ST-04,2026-06-07,roadside,16.59,40.5,17.7
R0039,ST-02,2026-06-07, roadside ,22.2,62.0,25.0
R0168,ST-06,2026-06-08,Park,5.53,56.1,21.4
R0095,ST-03,2026-06-31,ROADSIDE,17.51,56.5,25.4
R0241,ST-08,2026-06-17,Park,-1.0,84.5,22.6
R0041,ST-02,2026-06-09,ROADSIDE,16.17,89.0,18.9
R0143,ST-05,2026-06-15,PARK,8.88,45.2,19.7
R0144,ST-05,2026-06-16,park,19.44,83.0,22.0
R0042,ST-02,2026-06-10,roadside,16.21,45.3,16.9
R0214,ST-07,2026-06-22,park,14.45,52.8,19.8
R0126,ST-04,2026-06-30, roadside ,20.79,47.6,26.6
R0108,ST-04,2026-06-12,Roadside,12.05,58.7,16.1
R0019,ST-01,2026-06-19,ROADSIDE,23.87,87.4,18.3
R0156,ST-05,2026-06-28, park ,15.68,82.7,27.3
R0035,ST-02,2026-06-03,ROADSIDE,16.96,80.1,26.0
R0234,ST-08,2026-06-10,Park,13.87,53.7,27.9
R0210,ST-07,2026-06-18,Park,10.48,77.1,18.4
R0044,ST-02,2026-06-12, roadside ,17.62,75.4,26.0
R0140,ST-05,2026-06-12,Park,5.8,40.2,15.8
R0080,ST-03,2026-06-16,ROADSIDE,15.75,81.9,25.2
R0191,ST-06,2026-06-31,park,12.21,50.0,21.7
R0112,ST-04,2026-06-16, roadside ,14.05,55.9,28.6
R0189,ST-06,2026-06-29, park ,14.3,74.3,29.3
R0076,ST-03,2026-06-12,ROADSIDE,16.26,51.7,23.3
R0107,ST-04,2026-06-11, roadside ,27.61,43.6,17.9
R0021,ST-01,2026-06-21,roadside,15.79,57.4,25.0
R0212,ST-07,2026-06-20,Park,8.93,46.1,23.5
R0026,ST-01,2026-06-26,ROADSIDE,27.82,54.0,17.7
R0135,ST-05,2026-06-07, park ,10.05,87.1,16.4
R0252,ST-08,2026-06-28,PARK,13.22,40.9,24.5
R0072,ST-03,2026-06-08, roadside ,14.01,52.6,15.7
R0201,ST-07,2026-06-09, park ,12.41,82.7,16.4
R0131,ST-05,2026-06-03,Park,9.43,73.9,26.0
R0111,ST-04,2026-06-15,Roadside,10.85,85.1,20.5
R0121,ST-04,2026-06-25,ROADSIDE,13.53,64.4,17.9
R0231,ST-08,2026-06-07,Park,11.03,57.4,17.3
R0003,ST-01,2026-06-03, roadside ,13.78,89.0,16.5
R0181,ST-06,2026-06-21,park,11.26,80.7,18.3
R0170,ST-06,2026-06-10,PARK,11.88,63.1,23.5
R0172,ST-06,2026-06-12, park ,8.8,41.8,16.7
R0089,ST-03,2026-06-25,ROADSIDE,22.9,73.2,22.6
R0254,ST-08,2026-06-30, park ,14.26,60.0,17.1
R0104,ST-04,2026-06-08,roadside,7.61,52.4,19.5
R0199,ST-07,2026-06-07,PARK,-1.71,67.6,29.0
R0161,ST-06,2026-06-01,park,11.48,50.0,24.5
R0227,ST-08,2026-06-03,Park,11.47,86.6,20.8
R0178,ST-06,2026-06-18,Park,11.51,89.8,29.1
R0038,ST-02,2026-06-06,roadside,15.27,68.7,16.8
R0215,ST-07,2026-06-23,Park,19.63,74.2,22.3
R0034,ST-02,2026-06-02,roadside,12.82,51.4,20.5
R0186,ST-06,2026-06-26, park ,20.19,72.8,25.0
R0213,ST-07,2026-06-21,park,6.55,42.6,24.1
R0067,ST-03,2026-06-03,ROADSIDE,22.32,85.4,23.3
R0125,ST-04,2026-06-29,Roadside,19.84,55.3,20.4
R0163,ST-06,2026-06-03,PARK,14.66,55.0,29.4
R0088,ST-03,2026-06-24, roadside ,,72.4,15.7
R0096,ST-03,2026-06-32,roadside,17.76,83.7,26.9
R0082,ST-03,2026-06-18, roadside ,11.41,74.5,16.0
R0256,ST-08,2026-06-32,park,19.43,67.2,16.0
R0237,ST-08,2026-06-13,Park,7.81,79.9,28.8
R0074,ST-03,2026-06-10,Roadside,26.51,64.3,29.7
R0223,ST-07,2026-06-31, park ,1.62,59.7,15.0
R0148,ST-05,2026-06-20,Park,4.39,72.4,20.9
R0202,ST-07,2026-06-10, park ,22.3,83.3,29.5
R0027,ST-01,2026-06-27, roadside ,12.74,66.9,20.7
R0226,ST-08,2026-06-02,PARK,17.78,66.5,19.3
R0218,ST-07,2026-06-26,PARK,13.57,48.7,27.2
R0100,ST-04,2026-06-04,Roadside,18.37,80.8,21.1
R0142,ST-05,2026-06-14,park,5.24,87.0,23.5
R0173,ST-06,2026-06-13,Park,12.63,73.3,19.3
R0206,ST-07,2026-06-14,PARK,4.45,89.2,23.7
R0077,ST-03,2026-06-13,roadside,14.93,51.2,17.7
R0009,ST-01,2026-06-09,roadside,21.5,53.1,29.3
R0250,ST-08,2026-06-26, park ,10.08,83.4,27.8
R0247,ST-08,2026-06-23,Park,6.28,62.9,28.9
R0090,ST-03,2026-06-26,Roadside,,68.4,20.4
R0048,ST-02,2026-06-16,ROADSIDE,16.73,69.2,23.2
R0221,ST-07,2026-06-29,park,11.87,40.5,17.8
R0084,ST-03,2026-06-20,roadside,22.79,61.9,23.0
R0031,ST-01,2026-06-31, roadside ,11.37,41.8,22.3
R0079,ST-03,2026-06-15,roadside,23.33,43.8,16.1
R0032,ST-01,2026-06-32, roadside ,20.36,63.6,17.0
R0083,ST-03,2026-06-19,ROADSIDE,21.34,70.5,27.9
R0094,ST-03,2026-06-30,Roadside,17.79,67.8,22.9
R0250,ST-08,2026-06-26, park ,10.08,83.4,27.8
R0030,ST-01,2026-06-30,roadside,13.58,65.0,22.4
R0205,ST-07,2026-06-13,PARK,10.38,75.0,19.2
R0158,ST-05,2026-06-30,Park,8.12,63.3,21.2
R0106,ST-04,2026-06-10,ROADSIDE,18.35,41.4,21.1
R0162,ST-06,2026-06-02,PARK,9.9,61.0,24.8
R0024,ST-01,2026-06-24,roadside,13.39,79.4,23.1
R0081,ST-03,2026-06-17,roadside,25.16,56.8,29.5
R0064,ST-02,2026-06-32,Roadside,-1.0,43.9,18.8
R0057,ST-02,2026-06-25,Roadside,11.7,89.7,22.0
R0018,ST-01,2026-06-18, roadside ,24.8,83.9,25.8
R0004,ST-01,2026-06-04,roadside,20.49,41.6,21.2
R0157,ST-05,2026-06-29,PARK,-0.21,59.2,27.8
R0105,ST-04,2026-06-09,Roadside,23.6,67.5,16.0
R0184,ST-06,2026-06-24,park,13.92,69.1,27.7
R0115,ST-04,2026-06-19,Roadside,14.45,53.4,25.0
R0073,ST-03,2026-06-09, roadside ,18.9,79.8,15.3
R0117,ST-04,2026-06-21,roadside,16.2,51.4,27.3
R0146,ST-05,2026-06-18,PARK,8.65,72.5,28.2
R0016,ST-01,2026-06-16,Roadside,14.75,42.5,22.9
R0238,ST-08,2026-06-14, park ,6.83,67.5,19.3
R0219,ST-07,2026-06-27,park,16.12,86.7,19.0
R0141,ST-05,2026-06-13,park,14.36,47.3,17.7
R0070,ST-03,2026-06-06, roadside ,19.51,61.1,27.0
R0065,ST-03,2026-06-01, roadside ,12.14,76.0,23.7
R0207,ST-07,2026-06-15,Park,13.32,59.9,26.7
R0179,ST-06,2026-06-19,Park,14.9,62.0,16.1
R0134,ST-05,2026-06-06,park,16.34,79.4,21.5
R0056,ST-02,2026-06-24, roadside ,16.08,75.5,16.2
R0195,ST-07,2026-06-03,park,,55.9,29.9
R0006,ST-01,2026-06-06,ROADSIDE,17.21,40.3,26.7
R0249,ST-08,2026-06-25, park ,8.62,46.3,29.7
R0253,ST-08,2026-06-29,park,8.43,61.4,24.2
R0136,ST-05,2026-06-08, park ,0.19,76.4,24.6
R0017,ST-01,2026-06-17,Roadside,-1.0,53.5,29.8
R0203,ST-07,2026-06-11, park ,17.39,74.3,25.1
R0208,ST-07,2026-06-16, park ,16.24,47.1,15.5
R0150,ST-05,2026-06-22,park,13.94,82.6,26.7
R0051,ST-02,2026-06-19,roadside,10.48,51.6,23.4
R0160,ST-05,2026-06-32, park ,14.38,45.8,16.3
R0091,ST-03,2026-06-27,Roadside,21.46,63.1,29.0
R0093,ST-03,2026-06-29, roadside ,15.62,87.7,30.0
R0055,ST-02,2026-06-23,Roadside,14.65,79.0,18.0
R0182,ST-06,2026-06-22,PARK,18.0,60.9,20.3
R0025,ST-01,2026-06-25, roadside ,14.74,43.4,23.0
R0066,ST-03,2026-06-02, roadside ,18.82,70.0,19.5
R0109,ST-04,2026-06-13,Roadside,9.31,86.6,29.3
R0164,ST-06,2026-06-04, park ,10.9,70.7,17.5
R0066,ST-03,2026-06-02, roadside ,18.82,70.0,19.5
R0151,ST-05,2026-06-23,PARK,10.74,72.8,27.6
R0145,ST-05,2026-06-17,PARK,16.48,83.8,24.7
R0040,ST-02,2026-06-08,roadside,15.77,40.8,24.6
R0069,ST-03,2026-06-05,roadside,16.75,82.0,17.4
R0043,ST-02,2026-06-11,ROADSIDE,17.37,71.7,23.2
R0251,ST-08,2026-06-27,park,8.64,68.1,29.3
R0149,ST-05,2026-06-21,Park,13.93,44.7,25.0
R0075,ST-03,2026-06-11,roadside,20.01,57.0,27.6
R0147,ST-05,2026-06-19,park,11.98,58.9,28.9
R0123,ST-04,2026-06-27,ROADSIDE,11.82,41.6,15.3
R0216,ST-07,2026-06-24,Park,14.61,63.8,20.0
R0167,ST-06,2026-06-07,PARK,8.47,43.2,16.8
R0053,ST-02,2026-06-21,ROADSIDE,21.67,71.3,20.4
R0049,ST-02,2026-06-17,Roadside,21.62,78.5,25.3
R0028,ST-01,2026-06-28,ROADSIDE,22.0,88.1,25.7
R0155,ST-05,2026-06-27,Park,16.08,73.1,22.8
R0127,ST-04,2026-06-31,roadside,15.63,61.8,17.0
R0009,ST-01,2026-06-09,roadside,21.5,53.1,29.3
R0122,ST-04,2026-06-26, roadside ,23.12,52.2,20.1
R0139,ST-05,2026-06-11, park ,9.81,88.6,17.5
R0198,ST-07,2026-06-06,Park,13.52,85.6,20.6
R0092,ST-03,2026-06-28,ROADSIDE,16.62,87.8,22.3
R0068,ST-03,2026-06-04,roadside,15.53,79.0,25.4
R0113,ST-04,2026-06-17,ROADSIDE,26.1,66.0,26.9
R0013,ST-01,2026-06-13,Roadside,14.52,86.9,27.3
R0225,ST-08,2026-06-01,Park,16.85,55.9,21.2
R0166,ST-06,2026-06-06, park ,14.61,41.0,19.0
R0114,ST-04,2026-06-18, roadside ,,75.1,21.5
R0062,ST-02,2026-06-30,ROADSIDE,14.2,48.6,27.0
R0230,ST-08,2026-06-06,Park,16.47,87.6,17.2
R0217,ST-07,2026-06-25,park,5.49,40.4,29.3
R0242,ST-08,2026-06-18,PARK,8.74,67.5,19.1
R0177,ST-06,2026-06-17,Park,18.2,76.7,30.0
R0005,ST-01,2026-06-05,ROADSIDE,9.92,44.6,17.2
R0098,ST-04,2026-06-02,roadside,20.28,89.8,20.0
R0008,ST-01,2026-06-08,Roadside,11.19,55.9,26.1
R0001,ST-01,2026-06-01,ROADSIDE,27.0,75.4,18.3
R0159,ST-05,2026-06-31,PARK,,61.3,23.8
R0235,ST-08,2026-06-11, park ,17.38,42.9,21.9
R0138,ST-05,2026-06-10,PARK,17.81,60.0,22.1
R0022,ST-01,2026-06-22, roadside ,9.17,57.7,29.3
R0243,ST-08,2026-06-19, park ,13.73,73.7,24.5
R0107,ST-04,2026-06-11, roadside ,27.61,43.6,17.9
R0085,ST-03,2026-06-21,roadside,20.35,81.7,15.0
R0116,ST-04,2026-06-20, roadside ,14.91,45.9,29.7
R0209,ST-07,2026-06-17,Park,7.25,50.4,24.7
R0086,ST-03,2026-06-22, roadside ,21.56,66.4,21.4
R0185,ST-06,2026-06-25,Park,11.26,57.1,26.9
R0010,ST-01,2026-06-10,ROADSIDE,13.84,83.5,25.2
R0011,ST-01,2026-06-11,Roadside,12.75,44.6,21.2
R0183,ST-06,2026-06-23,Park,15.16,53.5,16.0
R0037,ST-02,2026-06-05, roadside ,22.15,87.0,26.6
R0222,ST-07,2026-06-30,Park,-1.0,55.9,26.7
R0059,ST-02,2026-06-27, roadside ,12.88,81.2,24.7
R0192,ST-06,2026-06-32, park ,7.35,53.4,22.5
R0036,ST-02,2026-06-04,Roadside,27.25,46.7,15.7
R0046,ST-02,2026-06-14,Roadside,8.25,50.9,21.3
R0054,ST-02,2026-06-22, roadside ,13.85,78.8,29.0
R0196,ST-07,2026-06-04,PARK,9.86,41.2,28.5
R0061,ST-02,2026-06-29,roadside,20.94,64.8,22.5
R0188,ST-06,2026-06-28,Park,16.89,48.8,27.8
R0132,ST-05,2026-06-04,PARK,9.33,85.0,27.8
R0101,ST-04,2026-06-05,Roadside,29.03,59.0,19.4
R0045,ST-02,2026-06-13, roadside ,7.48,41.6,25.4
R0012,ST-01,2026-06-12,ROADSIDE,22.7,60.3,18.3
R0023,ST-01,2026-06-23,roadside,17.96,55.6,22.4
R0029,ST-01,2026-06-29,ROADSIDE,19.43,85.9,23.7
R0087,ST-03,2026-06-23,Roadside,22.49,44.1,23.8
R0174,ST-06,2026-06-14,Park,11.15,81.9,23.1
R0002,ST-01,2026-06-02,ROADSIDE,9.66,67.9,22.0
R0050,ST-02,2026-06-18,ROADSIDE,16.04,89.4,22.6
R0102,ST-04,2026-06-06,ROADSIDE,15.63,80.6,17.8
R0052,ST-02,2026-06-20,ROADSIDE,18.21,56.3,29.0
R0013,ST-01,2026-06-13,Roadside,14.52,86.9,27.3
R0255,ST-08,2026-06-31,Park,17.46,57.3,20.1
R0130,ST-05,2026-06-02,park,9.11,48.1,17.8
R0047,ST-02,2026-06-15, roadside ,20.73,87.1,19.8
R0193,ST-07,2026-06-01,Park,9.99,60.8,17.4
R0152,ST-05,2026-06-24, park ,14.64,43.3,29.6
R0229,ST-08,2026-06-05,Park,17.42,69.5,19.8
R0235,ST-08,2026-06-11, park ,17.38,42.9,21.9
R0175,ST-06,2026-06-15,Park,17.29,52.7,24.3
R0124,ST-04,2026-06-28,ROADSIDE,-1.0,81.4,26.8
R0097,ST-04,2026-06-01,roadside,24.29,82.8,21.0
R0197,ST-07,2026-06-05,Park,7.92,55.8,21.8
R0240,ST-08,2026-06-16,park,18.93,64.9,21.8
R0020,ST-01,2026-06-20,roadside,10.85,75.2,19.4
R0137,ST-05,2026-06-09,park,11.32,43.3,16.4
R0233,ST-08,2026-06-09,Park,12.16,42.7,20.2
R0228,ST-08,2026-06-04, park ,7.22,76.5,17.2
R0248,ST-08,2026-06-24,Park,15.01,68.4,20.2
R0058,ST-02,2026-06-26,roadside,14.76,71.9,24.7
R0015,ST-01,2026-06-15,roadside,21.88,76.9,26.7
R0128,ST-04,2026-06-32,Roadside,8.27,67.3,17.6
R0054,ST-02,2026-06-22, roadside ,13.85,78.8,29.0
R0180,ST-06,2026-06-20,Park,10.28,62.9,15.5
R0220,ST-07,2026-06-28, park ,6.19,70.1,15.1
R0110,ST-04,2026-06-14,roadside,13.29,70.7,18.9
R0211,ST-07,2026-06-19,PARK,3.1,73.4,17.6
R0071,ST-03,2026-06-07, roadside ,27.73,64.0,27.7
R0120,ST-04,2026-06-24,ROADSIDE,14.33,67.2,16.9
R0236,ST-08,2026-06-12, park ,10.3,69.5,18.8
R0204,ST-07,2026-06-12,Park,10.89,48.0,17.5
R0154,ST-05,2026-06-26,park,9.14,58.5,16.7
R0007,ST-01,2026-06-07,roadside,24.48,47.5,26.5
R0060,ST-02,2026-06-28,Roadside,19.56,82.3,18.4
R0190,ST-06,2026-06-30, park ,7.85,84.6,24.1
R0118,ST-04,2026-06-22, roadside ,18.75,63.2,21.2
R0129,ST-05,2026-06-01,PARK,20.92,60.8,21.7
R0153,ST-05,2026-06-25, park ,15.19,69.7,29.6
R0176,ST-06,2026-06-16,park,2.91,51.9,23.6
R0232,ST-08,2026-06-08,park,8.77,45.5,18.5
R0119,ST-04,2026-06-23,roadside,22.67,74.5,18.6
R0033,ST-02,2026-06-01, roadside ,17.94,43.5,28.2
R0239,ST-08,2026-06-15, park ,6.49,83.1,28.9
R0194,ST-07,2026-06-02,PARK,11.19,40.3,22.0
R0099,ST-04,2026-06-03,ROADSIDE,18.29,61.9,18.5
R0078,ST-03,2026-06-14,roadside,22.99,87.1,29.7
R0200,ST-07,2026-06-08, park ,9.8,47.8,25.4
R0244,ST-08,2026-06-20,Park,16.12,87.1,24.6
R0171,ST-06,2026-06-11, park ,8.82,76.5,22.6
R0245,ST-08,2026-06-21, park ,14.32,42.3,15.9
R0014,ST-01,2026-06-14,ROADSIDE,21.27,86.5,23.8
R0169,ST-06,2026-06-09,park,12.46,77.6,23.1
R0063,ST-02,2026-06-31,roadside,13.77,87.0,15.6
R0246,ST-08,2026-06-22, park ,6.23,56.5,17.4
R0224,ST-07,2026-06-32,PARK,6.24,65.4,24.3
